{
  "parent": "arpg:damage/all",
  "criteria": {
    "axe": {
      "trigger": "minecraft:player_hurt_entity",
      "conditions": {
        "player": [
          {
            "condition": "minecraft:entity_properties",
            "entity": "this",
            "predicate": {
              "equipment": {
                "mainhand": {
                  "items": "#minecraft:axes"
                }
              }
            }
          }
        ],
        "damage": {
          "blocked": false
        }
      }
    }
  }
}
