{
  "anvil_cost": 2,
  "description": "Dragon Durability",
  "effects": {
    "minecraft:item_damage": [
      {
        "effect": {
          "type": "minecraft:remove_binomial",
          "chance": {
            "type": "minecraft:fraction",
            "denominator": {
              "type": "minecraft:linear",
              "base": 30.0,
              "per_level_above_first": 0
            },
            "numerator": {
              "type": "minecraft:linear",
              "base": 10.0,
              "per_level_above_first": 0.0
            }
          }
        },
        "requirements": {
          "condition": "minecraft:match_tool",
          "predicate": {
            "items": "#minecraft:enchantable/armor"
          }
        }
      },
      {
        "effect": {
          "type": "minecraft:remove_binomial",
          "chance": {
            "type": "minecraft:fraction",
            "denominator": {
              "type": "minecraft:linear",
              "base": 6.0,
              "per_level_above_first": 0.0
            },
            "numerator": {
              "type": "minecraft:linear",
              "base": 5.0,
              "per_level_above_first": 0.0
            }
          }
        },
        "requirements": {
          "condition": "minecraft:inverted",
          "term": {
            "condition": "minecraft:match_tool",
            "predicate": {
              "items": "#minecraft:enchantable/armor"
            }
          }
        }
      }
    ]
  },
  "exclusive_set": "#aolu_dragon_enchants:exclusive_set/unbreaking",
  "max_cost": {
    "base": 55,
    "per_level_above_first": 8
  },
  "max_level": 1,
  "min_cost": {
    "base": 5,
    "per_level_above_first": 8
  },
  "slots": ["any"],
  "supported_items": "#minecraft:enchantable/durability",
  "weight": 1
}
