{
  "anvil_cost": 8,
  "description": "Dragon Spikes",
  "effects": {
    "minecraft:post_attack": [
      {
        "affected": "attacker",
        "effect": {
          "type": "minecraft:all_of",
          "effects": [
            {
              "type": "minecraft:damage_entity",
              "damage_type": "minecraft:thorns",
              "max_damage": 8,
              "min_damage": 2
            }
          ]
        },
        "enchanted": "victim",
        "requirements": {
          "chance": {
            "type": "minecraft:enchantment_level",
            "amount": {
              "type": "minecraft:linear",
              "base": 0.75,
              "per_level_above_first": 0
            }
          },
          "condition": "minecraft:random_chance"
        }
      }
    ]
  },
  "max_cost": {
    "base": 60,
    "per_level_above_first": 20
  },
  "max_level": 1,
  "min_cost": {
    "base": 10,
    "per_level_above_first": 20
  },
  "slots": ["any"],
  "supported_items": "#minecraft:enchantable/equippable",
  "weight": 1
}
