{
  "anvil_cost": 4,
  "description": "Dragon Fire",
  "effects": {
    "minecraft:post_attack": [
      {
        "enchanted": "attacker",
        "affected": "victim",
        "effect": {
          "type": "minecraft:run_function",
          "function": "aolu_dragon_enchants:dragon_flame/apply_d_flame"
        }
      }
    ]
  },
  "exclusive_set": "#aolu_dragon_enchants:exclusive_set/fire_aspect",
  "max_cost": {
    "base": 60,
    "per_level_above_first": 20
  },
  "max_level": 1,
  "min_cost": {
    "base": 10,
    "per_level_above_first": 20
  },
  "slots": ["mainhand"],
  "supported_items": "#aolu_dragon_enchants:enchantable/all_weapons",
  "weight": 1
}
