{
  "anvil_cost": 1,
  "description": "Dragon Hide",
  "effects": {
    "minecraft:attributes": [
      {
        "amount": {
          "type": "minecraft:linear",
          "base": -0.75,
          "per_level_above_first": 0
        },
        "attribute": "minecraft:burning_time",
        "id": "minecraft:enchantment.fire_protection",
        "operation": "add_multiplied_base"
      }
    ],
    "minecraft:damage_protection": [
      {
        "effect": {
          "type": "minecraft:add",
          "value": {
            "type": "minecraft:linear",
            "base": 5.0,
            "per_level_above_first": 0
          }
        },
        "requirements": {
          "condition": "minecraft:damage_source_properties",
          "predicate": {
            "tags": [
              {
                "expected": false,
                "id": "minecraft:bypasses_invulnerability"
              }
            ]
          }
        }
      },
      {
        "effect": {
          "type": "minecraft:add",
          "value": {
            "type": "minecraft:linear",
            "base": 10.0,
            "per_level_above_first": 0
          }
        },
        "requirements": {
          "condition": "minecraft:damage_source_properties",
          "predicate": {
            "tags": [
              {
                "expected": true,
                "id": "minecraft:is_projectile"
              },
              {
                "expected": false,
                "id": "minecraft:bypasses_invulnerability"
              }
            ]
          }
        }
      },
      {
        "effect": {
          "type": "minecraft:add",
          "value": {
            "type": "minecraft:linear",
            "base": 10.0,
            "per_level_above_first": 0
          }
        },
        "requirements": {
          "condition": "minecraft:all_of",
          "terms": [
            {
              "condition": "minecraft:damage_source_properties",
              "predicate": {
                "tags": [
                  {
                    "expected": true,
                    "id": "minecraft:is_fire"
                  },
                  {
                    "expected": false,
                    "id": "minecraft:bypasses_invulnerability"
                  }
                ]
              }
            }
          ]
        }
      },
      {
        "effect": {
          "type": "minecraft:add",
          "value": {
            "type": "minecraft:linear",
            "base": 10.0,
            "per_level_above_first": 0
          }
        },
        "requirements": {
          "condition": "minecraft:damage_source_properties",
          "predicate": {
            "tags": [
              {
                "expected": true,
                "id": "minecraft:is_explosion"
              },
              {
                "expected": false,
                "id": "minecraft:bypasses_invulnerability"
              }
            ]
          }
        }
      },
      {
        "effect": {
          "type": "minecraft:add",
          "value": {
            "type": "minecraft:linear",
            "base": 15.0,
            "per_level_above_first": 0
          }
        },
        "requirements": {
          "condition": "minecraft:damage_source_properties",
          "predicate": {
            "tags": [
              {
                "expected": true,
                "id": "minecraft:is_fall"
              },
              {
                "expected": false,
                "id": "minecraft:bypasses_invulnerability"
              }
            ]
          }
        }
      }
    ]
  },
  "exclusive_set": "#minecraft:exclusive_set/armor",
  "max_cost": {
    "base": 12,
    "per_level_above_first": 11
  },
  "max_level": 1,
  "min_cost": {
    "base": 1,
    "per_level_above_first": 11
  },
  "slots": ["armor"],
  "supported_items": "#minecraft:enchantable/equippable",
  "weight": 1
}
