{
  "anvil_cost": 4,
  "description": "Dragon Crush",
  "effects": {
    "minecraft:armor_effectiveness": [
      {
        "effect": {
          "type": "minecraft:add",
          "value": {
            "type": "minecraft:linear",
            "base": -0.75,
            "per_level_above_first": 0
          }
        }
      }
    ]
  },
  "max_cost": {
    "base": 65,
    "per_level_above_first": 9
  },
  "max_level": 1,
  "min_cost": {
    "base": 15,
    "per_level_above_first": 9
  },
  "slots": ["mainhand"],
  "supported_items": "#aolu_dragon_enchants:enchantable/all_weapons",
  "weight": 1
}
