{
  "anvil_cost": 1,
  "description": "Dragon Luck",
  "effects": {
    "minecraft:attributes": [
      {
        "amount": {
          "type": "minecraft:linear",
          "base": 2,
          "per_level_above_first": 0
        },
        "attribute": "minecraft:luck",
        "id": "minecraft:enchantment",
        "operation": "add_value"
      }
    ]
  },
  "exclusive_set": "#aolu_dragon_enchants:exclusive_set/luck",
  "max_cost": {
    "base": 12,
    "per_level_above_first": 11
  },
  "max_level": 1,
  "min_cost": {
    "base": 1,
    "per_level_above_first": 11
  },
  "slots": ["armor"],
  "supported_items": "#minecraft:enchantable/equippable",
  "weight": 1
}
