{
  "description": "Dragon Multi-Pierce",
  "exclusive_set": "#minecraft:exclusive_set/crossbow",
  "supported_items": "#minecraft:enchantable/crossbow",
  "weight": 1,
  "max_level": 1,
  "min_cost": {
    "base": 20,
    "per_level_above_first": 0
  },
  "max_cost": {
    "base": 50,
    "per_level_above_first": 0
  },
  "anvil_cost": 4,
  "slots": ["mainhand"],
  "effects": {
    "minecraft:projectile_count": [
      {
        "effect": {
          "type": "minecraft:add",
          "value": {
            "type": "minecraft:linear",
            "base": 6,
            "per_level_above_first": 0
          }
        }
      }
    ],
    "minecraft:projectile_piercing": [
      {
        "effect": {
          "type": "minecraft:add",
          "value": {
            "type": "minecraft:linear",
            "base": 6.0,
            "per_level_above_first": 0
          }
        }
      }
    ],
    "minecraft:projectile_spread": [
      {
        "effect": {
          "type": "minecraft:add",
          "value": {
            "type": "minecraft:linear",
            "base": 6,
            "per_level_above_first": 0
          }
        }
      }
    ]
  }
}
