{
  "criteria": {
    "hit": {
      "trigger": "minecraft:player_hurt_entity",
      "conditions": {
        "damage": {
          "type": {
            "tags": [
              {
                "id": "minecraft:is_projectile",
                "expected": true
              }
            ],
            "direct_entity": {
              "type": "minecraft:trident"
            }
          }
        },
        "entity": []
      }
    }
  },
  "rewards": {
    "function": "aolu_plr_stat_prog:archery/trident"
  }
}
