{
  "anvil_cost": 8,
  "description": {
    "translate": "enchantment.minecraft.channeling"
  },
  "effects": {
    "minecraft:hit_block": [
      {
        "requirements": {
          "condition": "minecraft:all_of",
          "terms": [
            {
              "condition": "minecraft:entity_properties",
              "entity": "this",
              "predicate": {
                "type": "minecraft:trident"
              }
            }
          ]
        },
        "effect": {
          "type": "minecraft:run_function",
          "function": "aolu_trident_buffs:static_status/check_if_landed"
        }
      },
      {
        "effect": {
          "type": "minecraft:all_of",
          "effects": [
            {
              "type": "minecraft:summon_entity",
              "entity": "minecraft:lightning_bolt"
            },
            {
              "type": "minecraft:play_sound",
              "pitch": 1,
              "sound": "minecraft:item.trident.thunder",
              "volume": 5
            }
          ]
        },
        "requirements": {
          "condition": "minecraft:all_of",
          "terms": [
            {
              "condition": "minecraft:weather_check",
              "thundering": true
            },
            {
              "condition": "minecraft:entity_properties",
              "entity": "this",
              "predicate": {
                "type": "minecraft:trident"
              }
            },
            {
              "condition": "minecraft:location_check",
              "predicate": {
                "can_see_sky": true
              }
            },
            {
              "block": "minecraft:lightning_rod",
              "condition": "minecraft:block_state_property"
            }
          ]
        }
      }
    ],
    "minecraft:damage_protection": [
      {
        "requirements": {
          "condition": "minecraft:damage_source_properties",
          "predicate": {
            "tags": [
              {
                "id": "minecraft:is_lightning",
                "expected": true
              }
            ]
          }
        },
        "effect": {
          "type": "minecraft:add",
          "value": 10
        }
      }
    ],
    "minecraft:post_attack": [
      {
        "affected": "victim",
        "effect": {
          "type": "minecraft:all_of",
          "effects": [
            {
              "type": "minecraft:summon_entity",
              "entity": "minecraft:lightning_bolt"
            },
            {
              "type": "minecraft:play_sound",
              "pitch": 1,
              "sound": "minecraft:item.trident.thunder",
              "volume": 5
            }
          ]
        },
        "enchanted": "attacker",
        "requirements": {
          "condition": "minecraft:all_of",
          "terms": [
            {
              "condition": "minecraft:weather_check",
              "thundering": true
            },
            {
              "condition": "minecraft:entity_properties",
              "entity": "this",
              "predicate": {
                "location": {
                  "can_see_sky": true
                }
              }
            },
            {
              "condition": "minecraft:entity_properties",
              "entity": "direct_attacker",
              "predicate": {
                "type": "minecraft:trident"
              }
            }
          ]
        }
      },
      {
        "requirements": {
          "condition": "minecraft:all_of",
          "terms": [
            {
              "condition": "minecraft:entity_properties",
              "entity": "direct_attacker",
              "predicate": {
                "type": "minecraft:trident"
              }
            }
          ]
        },
        "effect": {
          "type": "minecraft:run_function",
          "function": "aolu_trident_buffs:static_status/apply"
        },
        "enchanted": "attacker",
        "affected": "victim"
      }
    ]
  },
  "max_cost": {
    "base": 50,
    "per_level_above_first": 0
  },
  "max_level": 1,
  "min_cost": {
    "base": 25,
    "per_level_above_first": 0
  },
  "slots": ["mainhand", "offhand"],
  "supported_items": "#minecraft:enchantable/trident",
  "weight": 1
}
