{
  "description": {
    "translate": "enchantment.minecraft.impaling"
  },
  "exclusive_set": "#minecraft:exclusive_set/damage",
  "supported_items": "#minecraft:enchantable/trident",
  "weight": 2,
  "max_level": 5,
  "min_cost": {
    "base": 1,
    "per_level_above_first": 8
  },
  "max_cost": {
    "base": 21,
    "per_level_above_first": 8
  },
  "anvil_cost": 4,
  "slots": ["mainhand"],
  "effects": {
    "minecraft:damage": [
      {
        "effect": {
          "type": "minecraft:add",
          "value": {
            "type": "minecraft:linear",
            "base": 0.8,
            "per_level_above_first": 0.8
          }
        }
      }
    ]
  }
}
